[
  {
    "line": 1,
    "elements": [
      {
        "start_timestamp": "2019-10-31T20:12:46.193Z",
        "line": 3,
        "name": "RS Automation Login and Verify Price Test Scenario",
        "description": "",
        "id": "rs-automation-login-and-verify-feature;rs-automation-login-and-verify-price-test-scenario",
        "type": "scenario",
        "keyword": "Scenario",
        "steps": [
          {
            "result": {
              "duration": 12325452900,
              "status": "passed"
            },
            "line": 5,
            "name": "user is already on home page",
            "match": {
              "location": "LoginAndVerifyPriceSteps.user_is_already_on_home_page()"
            },
            "keyword": "Given "
          },
          {
            "result": {
              "duration": 2511975800,
              "status": "passed"
            },
            "line": 6,
            "name": "user is clicks on login button",
            "match": {
              "location": "LoginAndVerifyPriceSteps.user_is_clicks_on_login_button()"
            },
            "keyword": "When "
          },
          {
            "result": {
              "duration": 140142100,
              "status": "passed"
            },
            "line": 7,
            "name": "title of page is RS Components Electronic and Electrical Components",
            "match": {
              "location": "LoginAndVerifyPriceSteps.title_of_page()"
            },
            "keyword": "Then "
          },
          {
            "result": {
              "duration": 829315500,
              "status": "passed"
            },
            "line": 8,
            "name": "user enters username and password and click login",
            "match": {
              "location": "LoginAndVerifyPriceSteps.user_enters_username_and_password(DataTable)"
            },
            "rows": [
              {
                "cells": [
                  "username",
                  "password"
                ]
              },
              {
                "cells": [
                  "Test1@test.com",
                  "Pa55w0rd"
                ]
              }
            ],
            "keyword": "Then "
          },
          {
            "result": {
              "duration": 10081982200,
              "status": "passed"
            },
            "line": 13,
            "name": "user enters product in search box",
            "match": {
              "location": "LoginAndVerifyPriceSteps.search()"
            },
            "keyword": "Then "
          },
          {
            "result": {
              "duration": 1725646400,
              "status": "passed"
            },
            "line": 14,
            "name": "enter no.of products and verify productprice",
            "match": {
              "location": "LoginAndVerifyPriceSteps.price(DataTable)"
            },
            "rows": [
              {
                "cells": [
                  "no.of products",
                  "productprice"
                ]
              },
              {
                "cells": [
                  "5",
                  "122.39"
                ]
              },
              {
                "cells": [
                  "10",
                  "114.55"
                ]
              },
              {
                "cells": [
                  "27",
                  "107.79"
                ]
              },
              {
                "cells": [
                  "49",
                  "107.79"
                ]
              },
              {
                "cells": [
                  "50",
                  "100.90"
                ]
              },
              {
                "cells": [
                  "151",
                  "94.85"
                ]
              }
            ],
            "keyword": "Then "
          },
          {
            "result": {
              "duration": 2082031100,
              "status": "passed"
            },
            "line": 22,
            "name": "user clicks logout button",
            "match": {
              "location": "LoginAndVerifyPriceSteps.click_logout_button()"
            },
            "keyword": "And "
          }
        ]
      }
    ],
    "name": "RS Automation Login and Verify Feature",
    "description": "",
    "id": "rs-automation-login-and-verify-feature",
    "keyword": "Feature",
    "uri": "file:/C:/Users/User/git/RSAutomationBDDFramework/src/main/java/Features/LoginAndVerify.feature",
    "tags": []
  }
]